,precision,recall,f1-score,support
0,0.8182472002465838,0.7964,0.807175796888461,20000.0
1,0.801694750170449,0.8231,0.8122563773622146,20000.0
accuracy,0.80975,0.80975,0.80975,0.80975
macro avg,0.8099709752085165,0.80975,0.8097160871253377,40000.0
weighted avg,0.8099709752085164,0.80975,0.8097160871253378,40000.0
